#{"t_start": 1518620743.9641762, "gym_version": "0.9.4", "env_id": "BreakoutNoFrameskip-v4"}
r,l,t
1.0,174,22.384413
4.0,296,53.692982
1.0,155,69.363447
0.0,129,82.424309
2.0,199,104.966227
1.0,175,123.519486
1.0,177,142.295154
3.0,237,166.58696
0.0,127,179.621764
1.0,155,195.730084
1.0,177,213.941713
2.0,207,236.126042
0.0,125,248.249095
2.0,190,268.372905
2.0,184,287.188611
0.0,127,299.952611
0.0,125,312.726022
1.0,173,330.077388
1.0,157,346.185517
1.0,174,363.66458
2.0,202,384.263536
9.0,404,427.768455
0.0,127,440.376476
0.0,127,453.281911
1.0,174,470.619855
1.0,175,488.385192
0.0,123,501.195242
2.0,205,523.010697
0.0,129,537.225578
0.0,127,549.563432
5.0,298,581.525424
0.0,129,593.835236
0.0,129,606.328864
2.0,219,629.609676
2.0,223,652.772765
0.0,127,665.65164
0.0,127,678.01875
5.0,326,712.580565
0.0,127,724.434004
0.0,127,736.869348
2.0,200,757.64591
1.0,172,775.255511
0.0,127,787.921418
0.0,127,800.297544
1.0,153,816.157239
10.0,468,865.914897
3.0,270,894.321302
0.0,125,906.071076
5.0,326,941.584405
1.0,153,957.281639
1.0,172,975.154172
1.0,173,992.578926
3.0,248,1018.2418
1.0,151,1033.746037
2.0,202,1054.155275
0.0,127,1066.982166
0.0,125,1079.776599
2.0,202,1101.204314
0.0,129,1114.518397
0.0,127,1126.343143
0.0,129,1139.176938
2.0,202,1160.800111
0.0,129,1173.542744
2.0,220,1197.241065
0.0,125,1209.642231
0.0,129,1222.845188
1.0,153,1238.341942
0.0,127,1250.944949
0.0,125,1263.985713
0.0,127,1276.702512
3.0,250,1302.642502
1.0,173,1320.340712
2.0,201,1340.432099
4.0,296,1371.637142
0.0,129,1385.051738
0.0,127,1397.77531
1.0,159,1413.517265
1.0,178,1431.922713
0.0,129,1444.513834
1.0,153,1460.432039
5.0,348,1496.624822
2.0,204,1517.615815
0.0,129,1530.213321
0.0,129,1542.79381
0.0,125,1554.747368
4.0,302,1587.178563
1.0,174,1605.333411
0.0,125,1617.894195
0.0,129,1630.458299
0.0,127,1642.693518
0.0,127,1655.208677
3.0,266,1683.925078
6.0,382,1725.493873
5.0,345,1762.340789
0.0,127,1774.454421
0.0,129,1787.546446
1.0,178,1805.723017
2.0,199,1825.458558
3.0,252,1851.41038
1.0,155,1867.128247
3.0,274,1895.995884
4.0,299,1927.521914
0.0,129,1940.295802
1.0,173,1957.381776
2.0,204,1979.204189
2.0,183,1997.779505
0.0,125,2010.053821
0.0,129,2023.452605
0.0,129,2036.462579
1.0,175,2054.205013
1.0,175,2072.00196
0.0,127,2084.719177
0.0,129,2097.40478
1.0,178,2115.375039
0.0,129,2128.89417
1.0,171,2146.718359
3.0,248,2172.213297
0.0,129,2185.782441
1.0,171,2203.009759
0.0,129,2215.618288
2.0,204,2236.844002
2.0,203,2257.239611
0.0,129,2270.147242
0.0,129,2283.717042
0.0,127,2296.480396
0.0,127,2309.319075
0.0,129,2322.209619
5.0,352,2359.943259
1.0,176,2377.571793
0.0,129,2390.576684
0.0,127,2402.348133
0.0,129,2415.083593
0.0,125,2427.604558
0.0,129,2440.425927
0.0,129,2453.366402
0.0,127,2466.264749
0.0,127,2479.228805
0.0,127,2492.457019
5.0,352,2529.439411
3.0,252,2555.941045
0.0,129,2568.944308
0.0,127,2582.076666
0.0,127,2594.922279
0.0,127,2607.844544
1.0,173,2625.63133
0.0,129,2638.678504
2.0,200,2659.48507
0.0,127,2672.292753
1.0,153,2688.132934
0.0,127,2701.301793
0.0,125,2714.117409
1.0,153,2729.306091
3.0,250,2754.623923
2.0,183,2772.798328
0.0,127,2785.249837
0.0,129,2797.883914
0.0,129,2810.455716
6.0,398,2853.513938
1.0,153,2870.310842
1.0,175,2887.894536
4.0,287,2918.308911
0.0,129,2931.028159
0.0,129,2944.131409
0.0,127,2956.855171
3.0,235,2981.302996
0.0,123,2993.919991
0.0,127,3007.162276
2.0,198,3027.973464
0.0,125,3040.520995
0.0,129,3053.415342
1.0,173,3071.07284
0.0,129,3084.000223
0.0,129,3096.577281
2.0,202,3117.357351
4.0,299,3148.879884
4.0,297,3180.402647
1.0,172,3198.434456
2.0,224,3221.996645
0.0,129,3234.870497
0.0,123,3246.47074
1.0,153,3261.918085
3.0,228,3287.153406
2.0,224,3310.594161
0.0,129,3323.598724
6.0,358,3362.640679
2.0,200,3382.635831
0.0,127,3395.120978
0.0,127,3407.341934
0.0,125,3419.068767
3.0,248,3445.238977
0.0,127,3457.965633
3.0,248,3484.10857
0.0,129,3496.098794
1.0,173,3513.484934
1.0,157,3529.671353
0.0,127,3542.27985
0.0,127,3554.655118
0.0,129,3567.379875
0.0,123,3579.139982
2.0,224,3603.693037
0.0,129,3616.516448
2.0,201,3637.411843
0.0,127,3649.436586
2.0,202,3669.867784
0.0,129,3682.461932
2.0,220,3704.819872
0.0,129,3718.18116
7.0,464,3767.231742
3.0,246,3792.851312
6.0,382,3834.125462
2.0,198,3854.699549
0.0,127,3867.183699
4.0,299,3899.153579
2.0,198,3919.877276
2.0,205,3941.308929
0.0,129,3954.190379
5.0,349,3991.304701
2.0,218,4014.145216
3.0,248,4040.337176
3.0,246,4065.133878
0.0,129,4078.078125
1.0,173,4096.130249
0.0,127,4109.053602
2.0,202,4129.815727
0.0,129,4143.185814
0.0,127,4155.914025
3.0,246,4180.941313
0.0,129,4193.825562
0.0,127,4206.810682
0.0,129,4219.751717
3.0,248,4246.129734
0.0,127,4258.660443
0.0,129,4271.748948
0.0,125,4283.298712
3.0,246,4309.412995
0.0,127,4322.128752
0.0,129,4335.411652
1.0,172,4353.76545
4.0,279,4383.437173
4.0,319,4417.11679
1.0,159,4433.665519
0.0,129,4446.05782
0.0,127,4458.522302
2.0,202,4478.760406
8.0,350,4516.225382
6.0,396,4558.621383
0.0,129,4571.471802
0.0,129,4584.282919
0.0,127,4597.245959
0.0,127,4610.022996
2.0,202,4630.95786
5.0,350,4669.006735
9.0,404,4712.938239
8.0,375,4752.866313
0.0,127,4765.499592
2.0,202,4786.223073
0.0,125,4798.706229
0.0,129,4811.811491
3.0,246,4837.402225
2.0,198,4858.057522
2.0,202,4878.552033
2.0,200,4899.23007
0.0,127,4911.961062
1.0,159,4928.262089
0.0,127,4941.236891
0.0,127,4953.993645
5.0,340,4989.064273
0.0,127,5001.632222
0.0,127,5014.32702
2.0,202,5034.621962
0.0,127,5047.200311
0.0,129,5060.180629
0.0,127,5072.443779
1.0,155,5088.106106
2.0,202,5108.70792
0.0,127,5121.429012
0.0,127,5133.291865
0.0,125,5145.9731
10.0,451,5195.089169
0.0,127,5207.932129
9.0,404,5251.749065
4.0,279,5280.77361
0.0,127,5293.335008
0.0,129,5305.912194
0.0,127,5317.667115
2.0,202,5338.80837
0.0,129,5351.708364
5.0,350,5389.090407
0.0,127,5400.448139
1.0,174,5418.193663
0.0,129,5431.135894
4.0,299,5462.623936
0.0,127,5475.60529
5.0,350,5512.736077
0.0,129,5525.722016
0.0,127,5538.242262
1.0,155,5553.660216
1.0,178,5571.881215
4.0,299,5604.11026
2.0,202,5625.79952
2.0,202,5646.519093
1.0,173,5664.682161
0.0,127,5677.788666
0.0,129,5690.597797
0.0,129,5702.343441
3.0,228,5727.602835
4.0,277,5757.300215
0.0,129,5770.287649
0.0,127,5782.677531
2.0,200,5803.529973
0.0,129,5816.216472
0.0,127,5829.023629
0.0,127,5840.72025
3.0,248,5866.267478
0.0,125,5879.010499
0.0,129,5891.822049
0.0,127,5903.8997
0.0,125,5915.995588
0.0,129,5928.67067
0.0,125,5941.083374
0.0,129,5953.672276
0.0,127,5966.028951
0.0,129,5978.617068
0.0,127,5990.529254
0.0,129,6003.064299
2.0,202,6023.611441
0.0,129,6036.482319
0.0,129,6048.311885
5.0,350,6086.317734
3.0,214,6107.822615
0.0,127,6120.73403
5.0,350,6157.791157
6.0,401,6200.110893
0.0,129,6213.163152
2.0,205,6234.036165
5.0,350,6271.598289
0.0,125,6283.637054
0.0,129,6296.48912
4.0,319,6330.12692
0.0,123,6342.160255
0.0,127,6354.361592
8.0,455,6403.620154
3.0,248,6430.151892
5.0,350,6467.466752
6.0,382,6508.34954
0.0,125,6521.061075
0.0,127,6532.82067
2.0,202,6553.714179
2.0,200,6573.779802
4.0,299,6606.141408
9.0,402,6649.2146
0.0,129,6662.100327
1.0,157,6677.671999
0.0,129,6690.776859
4.0,298,6722.248711
0.0,127,6735.249253
4.0,299,6766.854819
1.0,153,6782.160252
0.0,125,6794.164412
1.0,173,6812.009984
0.0,127,6824.747588
2.0,202,6845.518869
1.0,174,6863.006963
4.0,293,6894.043585
0.0,129,6906.526376
2.0,202,6927.14383
1.0,157,6943.597017
0.0,129,6956.366092
0.0,127,6967.926944
0.0,127,6980.605936
0.0,129,6993.355738
0.0,127,7005.585145
2.0,202,7025.823403
2.0,202,7046.820668
0.0,125,7059.507409
0.0,127,7072.433616
0.0,129,7085.375736
4.0,297,7116.876497
4.0,297,7148.367845
0.0,127,7160.939697
5.0,350,7198.364767
2.0,198,7218.724588
0.0,125,7230.708198
0.0,125,7243.312826
0.0,129,7255.433425
3.0,246,7281.301741
2.0,198,7301.417972
9.0,404,7344.358749
2.0,202,7365.275182
2.0,205,7387.610944
2.0,202,7408.387306
0.0,125,7420.417538
2.0,202,7441.332982
4.0,298,7473.553545
2.0,202,7494.736379
5.0,350,7532.044773
0.0,129,7544.954628
0.0,129,7557.720986
0.0,125,7569.655515
3.0,275,7599.83006
0.0,129,7612.917407
10.0,453,7662.015273
4.0,297,7694.160839
2.0,202,7714.558112
6.0,377,7755.838947
0.0,129,7768.168195
2.0,202,7789.49243
3.0,248,7815.273669
4.0,297,7847.161602
0.0,125,7859.987235
3.0,248,7887.027596
2.0,200,7908.143591
1.0,174,7927.616647
4.0,299,7959.734642
0.0,125,7971.45998
4.0,299,8004.306916
0.0,127,8016.232187
0.0,127,8028.947519
0.0,129,8041.784256
0.0,129,8054.805334
0.0,129,8067.621217
0.0,127,8080.019159
0.0,129,8092.461142
2.0,200,8113.053562
0.0,129,8126.042489
2.0,200,8146.238095
2.0,202,8167.057243
2.0,224,8190.043043
3.0,248,8216.263456
0.0,129,8229.264745
5.0,350,8267.747838
9.0,404,8310.52513
5.0,350,8348.011331
0.0,129,8360.792228
0.0,129,8373.87178
1.0,157,8390.105348
3.0,272,8419.212118
0.0,129,8432.23312
0.0,129,8445.193154
1.0,153,8460.714271
9.0,404,8503.217263
2.0,200,8523.782984
0.0,129,8537.047721
1.0,175,8555.463848
5.0,350,8592.557315
0.0,127,8605.164779
2.0,202,8625.997558
1.0,173,8644.101247
1.0,155,8660.028713
4.0,299,8691.971457
2.0,202,8713.720774
0.0,127,8725.917304
0.0,127,8738.2678
2.0,186,8756.394557
2.0,201,8777.733857
0.0,129,8791.236362
4.0,299,8822.577804
5.0,325,8856.77505
0.0,129,8868.931944
5.0,350,8906.749002
0.0,127,8919.535603
0.0,129,8932.711975
8.0,477,8984.670672
4.0,285,9014.353215
5.0,350,9051.76378
0.0,129,9064.521459
0.0,127,9077.214024
3.0,268,9105.63635
10.0,450,9153.525103
0.0,129,9165.856985
2.0,202,9187.13501
1.0,158,9202.818378
1.0,155,9218.242099
0.0,127,9230.899809
2.0,203,9252.282078
0.0,129,9265.191894
3.0,246,9291.352632
0.0,127,9303.984879
0.0,125,9315.966242
1.0,177,9333.716204
0.0,129,9346.9573
2.0,220,9369.994262
0.0,125,9382.608705
0.0,129,9395.510159
0.0,127,9408.080813
0.0,125,9419.832079
5.0,331,9454.172722
3.0,219,9477.37866
1.0,155,9493.212826
1.0,175,9510.248159
0.0,125,9522.438136
3.0,228,9546.628381
0.0,129,9559.393729
9.0,404,9602.886971
2.0,202,9622.992023
4.0,319,9657.606879
1.0,157,9673.172752
3.0,230,9696.419421
1.0,172,9714.16374
2.0,202,9734.802244
2.0,201,9756.043664
1.0,173,9773.601747
2.0,201,9794.688878
0.0,127,9806.798789
5.0,331,9843.364421
3.0,248,9869.261196
5.0,350,9906.424325
1.0,155,9922.880116
5.0,344,9958.483866
1.0,157,9974.159456
6.0,398,10017.39388
0.0,127,10029.760696
4.0,301,10061.4307
9.0,424,10107.91794
0.0,125,10120.731786
2.0,201,10141.120478
0.0,127,10154.71739
3.0,248,10180.810271
0.0,125,10192.541305
1.0,155,10207.987859
0.0,127,10220.935384
0.0,125,10233.440076
0.0,127,10246.561329
1.0,152,10261.997055
2.0,224,10285.172821
2.0,220,10309.203708
0.0,129,10322.054226
3.0,246,10348.605729
5.0,350,10385.807372
1.0,173,10404.275979
1.0,155,10420.13286
3.0,231,10444.624235
3.0,233,10469.330415
0.0,129,10481.609789
0.0,127,10494.558241
0.0,129,10507.148756
0.0,127,10519.795911
4.0,299,10552.383702
1.0,155,10568.344489
5.0,318,10602.469206
3.0,211,10625.201441
1.0,155,10641.073497
6.0,399,10684.056586
0.0,129,10696.925995
0.0,129,10709.893945
1.0,155,10725.568806
0.0,127,10738.695139
0.0,129,10751.692985
2.0,183,10770.348282
0.0,129,10783.309079
5.0,350,10821.194752
1.0,155,10836.618445
7.0,396,10879.013361
5.0,372,10919.441667
1.0,173,10936.396863
1.0,177,10954.213885
4.0,297,10986.299564
2.0,187,11005.308052
0.0,129,11018.238809
2.0,200,11038.571103
3.0,248,11065.031098
0.0,125,11077.321089
0.0,125,11089.302237
1.0,173,11106.796019
0.0,129,11119.626436
4.0,281,11148.905541
1.0,155,11164.437199
5.0,329,11199.689356
0.0,129,11213.385097
9.0,404,11256.676037
6.0,379,11297.48226
4.0,260,11324.701716
4.0,263,11352.696305
5.0,352,11390.4149
1.0,155,11405.759355
0.0,127,11418.341943
0.0,127,11431.01745
2.0,202,11451.824985
7.0,248,11477.434297
1.0,155,11492.90726
5.0,329,11528.527342
1.0,157,11544.561846
1.0,153,11559.184989
0.0,127,11571.482825
3.0,275,11601.183797
1.0,177,11619.343238
4.0,299,11650.838029
7.0,375,11690.799311
4.0,285,11721.419009
4.0,301,11753.489438
0.0,129,11766.118173
1.0,174,11784.310387
8.0,433,11830.534149
10.0,453,11880.248946
0.0,129,11892.894942
2.0,182,11911.413608
1.0,157,11927.132848
0.0,127,11939.420159
3.0,248,11966.842291
1.0,155,11982.45611
5.0,329,12017.696991
0.0,129,12030.334078
0.0,129,12043.217515
0.0,129,12056.066557
2.0,224,12079.470729
1.0,157,12095.29608
3.0,230,12118.94453
1.0,176,12137.295254
2.0,184,12156.015047
4.0,279,12185.405891
7.0,447,12232.920828
5.0,350,12269.897795
2.0,223,12292.904363
5.0,350,12330.457232
2.0,200,12351.670713
2.0,185,12370.580086
2.0,200,12390.673199
6.0,378,12429.349572
4.0,241,12455.149779
2.0,183,12473.778774
2.0,184,12492.725373
5.0,350,12529.726809
1.0,176,12548.335868
3.0,234,12572.79958
6.0,422,12617.787997
2.0,187,12637.685571
4.0,297,12669.17618
5.0,350,12706.518022
10.0,410,12750.961719
5.0,352,12789.964668
4.0,278,12819.224034
2.0,186,12837.977556
1.0,176,12856.17081
5.0,329,12892.296988
6.0,399,12935.094352
7.0,450,12982.429663
5.0,346,13019.404747
0.0,127,13031.958395
0.0,127,13044.331389
2.0,188,13063.287668
4.0,297,13094.997437
11.0,461,13144.84434
5.0,329,13179.49884
0.0,127,13192.386512
11.0,499,13246.772485
4.0,276,13275.814848
3.0,216,13298.253994
4.0,260,13325.1086
1.0,155,13340.428343
6.0,419,13385.162829
2.0,183,13405.093984
9.0,404,13448.284588
2.0,183,13467.187419
2.0,183,13486.069409
12.0,530,13542.959813
0.0,129,13555.378955
1.0,155,13570.963354
1.0,173,13588.153508
12.0,530,13644.662995
5.0,350,13682.137691
2.0,202,13703.062868
0.0,129,13716.050972
1.0,155,13730.492826
10.0,450,13778.900122
1.0,173,13796.089694
5.0,350,13832.848762
3.0,248,13858.921002
1.0,174,13876.692011
5.0,275,13905.368929
1.0,155,13921.211025
2.0,218,13943.684126
3.0,267,13971.497012
3.0,251,13997.990072
2.0,188,14017.477837
1.0,155,14033.184992
6.0,398,14075.508446
2.0,204,14096.637055
2.0,201,14117.298055
1.0,155,14132.858894
5.0,349,14170.09856
2.0,184,14188.713467
1.0,171,14206.502566
3.0,234,14230.177395
2.0,187,14248.7091
1.0,153,14264.203327
10.0,431,14310.206534
5.0,343,14346.143832
1.0,174,14363.498226
3.0,250,14389.723135
10.0,430,14436.290088
3.0,233,14460.404023
4.0,277,14489.567794
3.0,270,14517.487902
7.0,428,14562.208854
7.0,428,14608.572312
4.0,277,14637.849973
3.0,234,14662.267178
8.0,299,14693.110375
5.0,366,14732.375489
0.0,125,14744.47437
10.0,449,14792.48924
8.0,469,14842.288772
10.0,448,14891.579627
9.0,425,14935.258756
1.0,155,14950.673693
4.0,243,14976.027432
3.0,274,15004.846752
11.0,460,15053.425293
7.0,422,15099.041985
4.0,247,15125.533119
1.0,155,15141.098702
3.0,218,15163.019194
1.0,155,15178.614972
1.0,155,15194.196596
4.0,318,15227.882084
2.0,206,15248.745402
0.0,129,15260.693375
3.0,252,15286.845443
4.0,264,15315.086808
5.0,310,15347.387748
11.0,577,15408.247134
17.0,624,15475.660721
4.0,277,15505.071136
1.0,157,15521.416866
2.0,203,15542.972125
4.0,245,15568.285692
1.0,155,15584.051813
2.0,204,15604.983903
2.0,203,15625.949145
2.0,201,15646.61165
5.0,315,15680.044903
0.0,129,15692.848791
3.0,216,15714.480907
5.0,351,15751.578855
11.0,271,15779.734082
1.0,157,15794.895528
4.0,262,15821.728167
1.0,175,15839.321034
8.0,300,15869.878389
7.0,414,15913.325654
4.0,280,15942.279459
1.0,154,15957.783645
7.0,248,15983.40777
7.0,376,16022.31448
6.0,358,16059.513913
2.0,183,16078.436553
3.0,211,16100.517582
3.0,252,16125.863083
3.0,250,16151.444182
4.0,259,16178.456473
7.0,250,16204.765635
4.0,239,16228.821519
7.0,429,16273.738789
3.0,232,16297.105496
7.0,420,16341.754179
6.0,375,16380.686944
10.0,439,16427.411149
3.0,252,16454.837137
1.0,155,16471.028342
5.0,350,16508.6051
2.0,183,16527.81518
12.0,547,16585.476249
7.0,380,16625.511111
4.0,261,16651.680018
2.0,203,16672.114332
7.0,248,16698.014793
5.0,328,16731.587885
4.0,262,16758.344694
4.0,319,16790.480627
11.0,472,16840.176024
9.0,404,16883.080342
3.0,232,16906.897822
11.0,271,16935.034816
13.0,530,16991.09674
9.0,346,17027.752515
9.0,349,17064.342121
6.0,383,17105.116077
3.0,230,17128.573273
2.0,206,17149.922456
10.0,550,17207.498682
8.0,278,17236.521978
6.0,361,17274.813227
2.0,188,17293.349008
10.0,431,17338.88331
8.0,438,17383.952891
11.0,481,17435.192607
10.0,401,17477.582484
6.0,341,17512.501095
2.0,185,17531.101397
3.0,255,17558.587306
8.0,492,17610.189091
10.0,487,17661.619436
1.0,174,17679.873336
8.0,295,17711.197568
8.0,419,17754.786275
5.0,290,17784.66346
9.0,448,17832.589518
6.0,364,17869.710155
5.0,310,17902.936815
5.0,298,17933.224532
13.0,580,17993.912536
13.0,351,18029.967754
11.0,454,18076.961132
7.0,410,18118.729266
7.0,418,18162.615132
15.0,527,18218.598879
5.0,330,18252.031028
12.0,675,18323.442949
19.0,597,18387.329092
14.0,474,18437.300761
6.0,319,18469.59237
10.0,378,18509.926354
23.0,617,18574.251542
4.0,284,18604.415906
16.0,664,18674.270906
16.0,584,18734.719384
16.0,577,18796.54773
23.0,325,18830.490297
10.0,468,18879.427103
12.0,591,18942.907059
5.0,291,18973.104196
7.0,353,19010.81584
11.0,494,19063.699639
10.0,488,19115.952739
11.0,486,19167.762761
7.0,382,19208.187654
9.0,412,19251.487116
10.0,495,19303.228811
6.0,337,19339.337531
20.0,655,19409.257181
9.0,307,19441.305144
7.0,393,19482.317496
10.0,401,19524.735595
7.0,248,19550.751142
10.0,490,19602.524748
13.0,575,19664.231893
15.0,446,19711.559359
16.0,588,19772.952933
12.0,552,19831.86052
13.0,532,19887.629406
13.0,492,19939.138978
11.0,525,19994.688853
13.0,351,20031.170508
10.0,477,20082.656379
12.0,603,20147.216463
8.0,427,20191.083532
12.0,320,20224.72949
23.0,564,20285.515636
7.0,338,20319.872437
14.0,418,20364.013875
11.0,409,20406.148842
19.0,728,20481.661757
5.0,272,20509.499737
10.0,517,20564.082696
11.0,491,20616.974407
5.0,295,20646.525095
29.0,730,20723.736987
12.0,484,20774.164284
16.0,736,20853.135864
17.0,652,20922.125423
4.0,279,20951.247408
7.0,374,20990.843673
9.0,492,21041.773384
10.0,456,21089.3866
12.0,568,21148.869525
11.0,512,21203.353705
10.0,529,21258.99727
9.0,448,21306.734699
10.0,502,21360.953759
21.0,614,21426.055671
16.0,531,21482.028668
12.0,448,21529.552558
14.0,599,21593.099236
21.0,776,21676.592907
20.0,660,21747.366132
16.0,734,21825.171521
26.0,735,21902.794425
16.0,473,21952.388677
10.0,492,22002.709674
11.0,577,22063.412989
28.0,857,22154.087229
17.0,702,22228.555288
24.0,861,22320.104096
7.0,353,22356.920427
32.0,740,22436.488316
15.0,640,22504.257908
15.0,401,22546.087377
23.0,499,22598.243551
23.0,762,22680.832999
25.0,795,22764.260211
29.0,740,22841.463816
24.0,837,22930.566334
24.0,887,23025.123573
21.0,765,23109.537121
18.0,554,23166.245898
26.0,968,23269.079898
15.0,699,23343.634716
9.0,397,23385.657077
13.0,597,23449.132882
22.0,789,23532.180471
10.0,508,23585.612564
21.0,714,23661.614508
20.0,799,23745.652163
12.0,602,23809.869423
40.0,950,23910.537755
29.0,693,23983.950826
33.0,667,24054.11372
36.0,893,24149.076665
32.0,993,24255.406062
22.0,708,24329.550777
32.0,793,24414.050045
35.0,927,24513.350125
16.0,607,24576.910039
65.0,1487,24736.53604
29.0,788,24819.958148
23.0,454,24866.643026
24.0,603,24930.220592
38.0,1095,25047.574417
35.0,786,25131.257071
41.0,920,25229.633114
28.0,841,25321.249535
20.0,621,25385.960212
43.0,1049,25497.688723
23.0,714,25573.268232
40.0,1132,25693.073781
44.0,1003,25799.811291
32.0,771,25881.376797
43.0,1141,26002.907068
31.0,872,26094.966059
40.0,824,26183.289918
37.0,1079,26298.780249
8.0,409,26342.161673
24.0,807,26426.826839
29.0,720,26504.682539
20.0,804,26589.536656
57.0,1146,26712.642898
35.0,1035,26823.399276
43.0,1058,26936.290623
52.0,1173,27062.393136
31.0,998,27167.870095
36.0,1042,27279.157967
31.0,938,27379.859772
40.0,674,27451.537126
87.0,1202,27581.856203
44.0,1133,27702.333127
33.0,1052,27813.495487
39.0,1005,27922.406978
21.0,696,27996.410718
30.0,705,28070.438017
33.0,647,28138.771978
64.0,1477,28294.150585
59.0,1477,28452.497798
55.0,1251,28585.404665
81.0,1186,28712.231538
6.0,336,28746.616881
32.0,969,28849.988475
35.0,1089,28966.402181
47.0,788,29049.409758
24.0,883,29143.818975
67.0,1171,29268.590658
9.0,459,29316.422771
42.0,948,29417.978994
57.0,1197,29544.638175
91.0,1491,29702.566326
48.0,997,29808.231188
39.0,1110,29926.644308
87.0,1554,30093.031548
28.0,684,30164.657915
84.0,1348,30307.39918
63.0,1126,30425.344091
68.0,1295,30561.338487
74.0,962,30665.760954
64.0,1286,30799.282482
56.0,1105,30915.574812
74.0,1556,31082.002831
41.0,1070,31193.269228
35.0,988,31300.547706
49.0,1256,31435.743273
41.0,892,31530.375128
16.0,642,31598.013271
124.0,1782,31787.603241
94.0,1420,31938.642328
51.0,1131,32058.094387
71.0,1262,32191.037279
106.0,1352,32334.921109
76.0,1168,32459.043891
44.0,827,32545.947307
89.0,1652,32721.235556
80.0,1171,32844.639207
47.0,796,32928.542277
97.0,1386,33074.747115
88.0,1724,33258.238706
41.0,1047,33368.798772
95.0,1660,33544.7865
78.0,1213,33673.406459
49.0,1025,33781.956925
72.0,1334,33921.431068
55.0,1229,34051.279383
119.0,1516,34211.602937
65.0,1164,34333.63915
63.0,1121,34452.020385
49.0,1050,34563.383085
48.0,1251,34695.987111
97.0,1648,34870.477784
106.0,1637,35043.600564
192.0,1908,35249.487604
53.0,924,35348.812799
206.0,1225,35478.51086
85.0,1250,35611.679128
94.0,1487,35769.788861
101.0,1472,35926.373426
115.0,1733,36112.106767
131.0,1133,36231.173325
79.0,1188,36355.52216
36.0,981,36458.315857
120.0,1701,36637.275653
153.0,1758,36824.311519
119.0,1764,37010.735286
117.0,1798,37203.100728
69.0,1371,37346.896823
75.0,1086,37462.095183
86.0,1304,37599.217134
277.0,1963,37806.523328
93.0,1528,37969.198494
119.0,1568,38136.649159
118.0,1653,38314.130733
231.0,1814,38507.864748
146.0,1607,38680.027392
290.0,1977,38891.843797
222.0,1850,39087.497077
348.0,1923,39292.281153
120.0,1261,39424.398452
155.0,1452,39578.177506
114.0,1465,39732.797031
308.0,1534,39897.130727
43.0,686,39970.405935
149.0,1715,40154.191856
342.0,1735,40338.264549
70.0,1397,40485.849011
229.0,1662,40662.419262
316.0,1829,40857.129355
36.0,989,40962.408102
100.0,1476,41118.38045
137.0,1484,41277.072052
79.0,1230,41407.786001
63.0,1304,41548.282752
283.0,1577,41714.998298
203.0,1693,41894.812235
177.0,1802,42085.85391
336.0,1619,42259.162257
71.0,916,42355.919039
190.0,1112,42471.719659
246.0,1874,42667.969215
122.0,1510,42828.151198
89.0,1459,42981.507161
94.0,1378,43128.547686
205.0,1776,43316.940238
196.0,1648,43489.65381
73.0,1249,43619.782944
297.0,1708,43798.957887
134.0,1520,43958.888345
311.0,1258,44090.893406
188.0,1899,44292.070405
233.0,1424,44443.229041
281.0,1950,44650.893106
374.0,1296,44787.077301
274.0,1591,44953.907118
279.0,1879,45153.617562
262.0,1896,45355.793925
180.0,1472,45510.337317
246.0,1818,45700.967593
198.0,1787,45890.911264
162.0,1595,46059.066688
211.0,1872,46258.608223
257.0,1942,46465.153472
192.0,1705,46646.17298
72.0,1157,46768.712039
2.0,200,46788.783019
201.0,1685,46966.837047
369.0,1978,47176.190317
89.0,1262,47309.974715
119.0,1762,47497.773919
361.0,1811,47690.179141
135.0,1356,47835.362934
342.0,2271,48079.858258
329.0,2198,48313.851521
408.0,2129,48542.636124
354.0,1806,48734.222584
29.0,650,48803.084894
383.0,2167,49033.302953
349.0,1779,49222.449537
228.0,1780,49414.521303
328.0,1985,49626.481259
372.0,1842,49824.094088
362.0,1953,50032.774887
282.0,1705,50215.685822
274.0,1759,50404.579427
337.0,2228,50644.951919
227.0,1569,50812.054641
356.0,2344,51061.984832
261.0,1715,51245.74433
349.0,1810,51435.505038
377.0,2018,51653.538517
347.0,2056,51873.93024
119.0,1688,52054.195548
127.0,1351,52197.767149
347.0,1819,52391.43387
345.0,1892,52593.535559
39.0,802,52678.542674
36.0,886,52773.889512
363.0,1707,52959.069974
389.0,2299,53206.71883
372.0,2074,53429.46417
162.0,1792,53622.000616
101.0,1340,53763.965878
361.0,2155,53995.782556
398.0,2175,54229.210136
399.0,2318,54476.824385
243.0,1494,54636.787775
49.0,817,54725.482303
386.0,1868,54924.620344
88.0,1132,55045.327369
133.0,1572,55214.050006
167.0,1608,55386.63954
131.0,1700,55571.504408
390.0,2922,55884.340073
398.0,2307,56130.924792
91.0,1522,56292.087839
386.0,2141,56520.663195
389.0,2230,56762.957978
191.0,1698,56945.496601
232.0,2014,57162.290966
401.0,2114,57388.556331
403.0,2399,57645.90015
327.0,2037,57864.406219
294.0,1311,58005.346256
349.0,2297,58255.154815
396.0,1948,58466.224698
396.0,2706,58756.513683
340.0,1933,58966.711926
378.0,2018,59183.996606
384.0,2392,59438.842946
400.0,3000,59766.098425
410.0,2338,60020.160983
418.0,3173,60365.497588
368.0,2081,60589.265208
221.0,1689,60770.698447
335.0,1838,60968.731216
268.0,1954,61178.519161
259.0,1899,61381.715113
349.0,2069,61603.085154
410.0,2418,61865.817576
228.0,1950,62073.829355
344.0,1790,62263.561015
411.0,2454,62524.626278
409.0,2760,62819.171942
405.0,2036,63038.038289
379.0,2177,63271.338429
387.0,2129,63499.328521
421.0,2019,63714.435078
123.0,1633,63888.431763
352.0,2462,64152.98296
387.0,2123,64378.207766
380.0,1408,64528.295067
363.0,1913,64735.086339
428.0,3908,65151.31776
250.0,1684,65331.68581
339.0,2253,65571.692624
413.0,2231,65812.469694
371.0,1922,66017.454152
390.0,2198,66253.395165
383.0,2013,66466.868745
357.0,2828,66770.314082
427.0,2777,67065.849546
420.0,2595,67341.37467
417.0,2437,67603.120058
391.0,2965,67918.183433
311.0,2199,68153.383776
408.0,1927,68358.049989
367.0,2099,68583.60594
308.0,2182,68818.805008
328.0,1756,69008.794349
406.0,2496,69280.073487
393.0,2033,69497.213941
319.0,1835,69693.355348
378.0,2271,69937.305886
428.0,2392,70195.493608
371.0,1902,70398.367783
354.0,2025,70616.185199
425.0,2607,70910.719822
406.0,2756,71231.166323
418.0,2356,71506.462729
409.0,2364,71783.252003
410.0,3198,72158.845588
425.0,4046,72648.443794
406.0,2484,72945.190933
395.0,1726,73166.378762
417.0,3400,73604.824747
314.0,1617,73814.059569
357.0,1923,74058.029104
419.0,2671,74390.979827
468.0,3750,74850.365394
